identity_confidence,income_confidence,foir,cibil_score_normalized,cashflow_stability,employment_tier,loan_to_income_ratio,label
0.801,0.8421,0.3665,0.8446,0.7475,3,3.3566,0.7094
0.8613,0.6581,0.625,0.5134,0.7648,5,2.4329,0.5956
0.9356,0.6928,0.5068,0.609,0.6839,3,6.8668,0.5565
0.8299,0.8413,0.308,0.899,0.5504,2,2.3555,0.7206
0.9037,0.6297,0.5812,0.7245,0.7404,2,3.1038,0.5416
0.8733,0.87,0.9661,0.7542,0.8744,3,3.3377,0.5547
0.8566,0.8229,0.7672,0.5229,0.9083,2,1.2671,0.6295
0.9332,0.6032,0.5938,0.4781,0.6488,4,0.7513,0.6391
0.7853,0.8599,0.773,0.8377,0.7735,4,0.567,0.7059
0.8408,0.6625,0.1103,0.4049,0.5925,2,7.24,0.5749
0.867,0.7982,0.7149,0.5744,0.3521,2,5.9075,0.4618
0.7814,0.7633,0.5451,0.6534,0.8201,1,7.4766,0.5259
0.7125,0.687,0.7026,0.9589,0.7105,3,1.8417,0.5938
0.7635,0.9236,0.6863,0.7838,0.4983,4,5.0631,0.4833
0.6831,0.7738,0.645,0.4381,0.614,2,0.783,0.5663
0.8736,0.5595,0.2066,0.8972,0.934,2,6.6286,0.6453
0.718,0.6251,0.2479,0.4793,0.6969,2,3.4574,0.57
0.8451,0.923,0.4759,0.8481,0.7147,2,2.9055,0.7051
0.8766,0.8379,0.2276,0.5511,0.6662,1,2.0676,0.7007
0.8099,0.9615,0.1677,0.9379,0.5508,1,7.0056,0.7003
0.8613,0.8414,1.0,0.7695,0.601,5,4.2594,0.4894
0.8545,0.638,0.3792,0.8172,0.8837,4,6.9694,0.5318
0.7546,0.689,0.1029,0.8192,0.4033,2,6.3433,0.6061
0.9064,0.6504,0.6654,0.907,0.9,3,6.0677,0.5691
0.6739,0.827,0.8202,0.7705,0.8121,1,7.9688,0.4781
0.8338,0.7029,0.8512,0.7316,0.885,5,5.7209,0.4586
0.7352,0.9067,0.1471,0.9177,0.7313,3,7.6232,0.6456
0.824,0.8604,0.3175,0.8983,0.7647,3,0.5431,0.7978
0.8441,0.7992,0.9643,0.5271,0.8399,4,5.0832,0.429
0.8615,0.8103,0.5916,0.7554,0.9171,3,7.9039,0.542
0.4602,0.8315,0.2295,0.6569,0.699,4,7.9924,0.4848
0.9825,0.8338,0.5258,0.566,0.8046,5,4.5273,0.5924
0.8038,0.7765,0.4398,0.371,0.6876,4,5.7895,0.491
0.8776,0.6042,0.0966,0.8446,0.3627,4,1.4954,0.6887
0.7519,0.381,0.5193,0.7222,0.706,2,1.6199,0.5464
0.9083,0.6657,0.2868,0.7127,0.593,3,4.9457,0.5842
0.8225,0.7961,0.3146,0.6051,0.8304,3,7.3465,0.5543
0.9725,0.8948,0.8991,0.7341,0.7617,3,7.8042,0.5775
0.6016,0.7239,0.6571,0.6901,0.8677,1,1.3156,0.621
0.7059,0.9415,0.6397,0.8544,0.9169,4,3.1943,0.573
0.9268,0.8251,0.5673,0.8624,0.3936,5,1.135,0.6397
0.7495,0.7055,0.3654,0.6925,0.7772,2,5.9847,0.5355
0.8476,0.8905,1.0,0.9544,0.7869,4,3.6576,0.6112
0.6431,0.596,0.361,0.5026,0.8092,3,6.4953,0.4557
0.9622,0.8207,0.3809,0.9018,0.4986,3,5.7921,0.6131
0.8782,0.7445,0.6713,0.8274,0.9169,2,2.6247,0.6486
0.9121,0.7393,0.6011,0.9054,0.5302,2,1.055,0.6923
0.7932,0.9493,0.3852,0.8224,0.8642,5,5.4845,0.5893
0.7482,0.5991,1.0,0.7792,0.7222,5,1.18,0.4159
0.5177,0.7792,0.5959,0.721,0.9309,2,4.5046,0.4922
0.9687,0.8644,1.0,0.6537,0.7031,3,1.7802,0.5517
0.505,0.7912,0.146,0.8992,0.6633,5,0.8052,0.6419
0.6352,0.84,0.6693,0.788,0.8745,5,5.2039,0.4963
0.8968,0.9182,0.8434,0.7747,0.6917,3,3.0072,0.5781
0.9718,0.9475,0.7996,0.6072,0.712,3,7.1787,0.5994
0.9172,0.9104,0.2579,0.6125,0.883,5,1.1486,0.8054
0.7815,0.7136,0.605,0.4613,0.8898,1,5.9884,0.5261
0.9236,0.5338,0.0571,0.7493,0.9299,2,0.7454,0.7685
0.6291,0.746,0.3949,0.9168,0.8354,4,2.5786,0.6465
0.9247,0.8899,0.569,0.5321,0.6464,3,5.2046,0.57
0.7433,0.7066,0.251,0.8162,0.5484,3,2.7806,0.6669
0.7343,0.8966,0.5701,0.8971,0.7559,1,2.8771,0.7066
0.7553,0.801,0.1703,0.6775,0.8438,3,7.3016,0.5732
0.9368,0.6989,0.4308,0.6352,0.7979,5,7.3134,0.5641
0.8233,0.6593,0.3286,0.351,0.561,3,4.6686,0.4862
0.7666,0.6089,0.1968,0.7894,0.9116,5,1.0004,0.6353
0.8193,0.7404,0.9151,0.6363,0.6571,3,6.2483,0.4485
0.6373,0.7572,0.1951,0.8673,0.5406,3,4.4907,0.5962
0.9323,0.7686,0.7409,0.9388,0.8229,2,1.4766,0.7338
0.9708,0.9654,0.2693,0.8932,0.8522,5,7.6159,0.7212
0.7725,0.9142,0.1275,0.9173,0.7315,5,1.8564,0.7333
0.9039,0.8753,1.0,0.5008,0.9231,3,5.5935,0.5104
0.7336,0.9367,0.7582,0.8984,0.6711,2,6.4212,0.5365
0.8299,0.9137,0.7847,0.8086,0.8372,4,6.2568,0.5226
0.7932,0.7825,0.5051,0.3281,0.5805,4,5.4506,0.4472
0.7935,0.7513,0.2513,0.6871,0.9477,3,6.9753,0.5729
0.8851,0.854,0.8817,0.502,0.7722,4,6.4036,0.4934
0.8656,0.8907,0.1722,0.8645,0.8357,3,3.8992,0.6946
0.9816,0.9319,0.6489,0.629,0.8494,2,3.7654,0.6288
0.7109,0.7866,0.3271,0.7343,0.71,4,5.44,0.6039
0.9622,0.4221,0.372,0.4318,0.8284,2,1.4171,0.6236
0.6995,0.9003,0.4291,0.7668,0.5061,3,5.8675,0.5296
0.8449,0.894,0.5922,0.8995,0.6376,3,0.7541,0.7546
0.6808,0.7847,0.2537,0.9261,0.8967,3,2.8529,0.6421
0.6738,0.6919,0.7806,0.4174,0.7891,5,7.1326,0.3885
0.8493,0.8627,0.4123,0.5973,0.8821,2,6.9645,0.6829
0.8494,0.8053,0.5791,0.7997,0.8745,4,5.6514,0.557
0.8862,0.5978,0.9957,0.7902,0.7342,5,1.4894,0.4733
0.9027,0.7779,0.3131,0.8278,0.9424,2,0.769,0.7874
0.8404,0.5958,0.3971,0.5962,0.9203,4,7.1553,0.5704
0.5034,0.947,1.0,0.8255,0.7492,1,5.3273,0.4568
0.7312,0.5652,0.9814,0.7837,0.3458,3,7.1406,0.364
0.8236,0.8716,0.1334,0.7664,0.7493,3,1.6145,0.8086
0.9104,0.8952,0.7255,0.6304,0.8582,2,4.9041,0.6237
0.7403,0.5944,0.8332,0.4488,0.6846,3,5.5535,0.3668
0.9722,0.8447,0.3905,0.4706,0.6636,3,6.7538,0.5601
0.7169,0.8133,0.4825,0.6973,0.6727,5,3.1007,0.5629
0.8214,0.8091,1.0,0.5717,0.6121,3,2.6184,0.4952
0.9411,0.8446,0.6051,0.4362,0.7077,1,7.0829,0.5597
0.7659,0.9271,1.0,0.8327,0.9,2,1.5333,0.6467
0.8837,0.8139,0.1208,0.6224,0.6709,3,6.8929,0.6436
0.6565,0.5753,0.9941,0.764,0.6592,4,7.3192,0.3248
0.7161,0.5689,0.4928,0.9114,0.9135,2,1.1961,0.6178
0.9766,0.6839,0.1266,0.7395,0.7654,3,2.634,0.7116
0.7867,0.8607,0.4989,0.7674,0.7828,3,3.6757,0.5557
0.9233,0.8389,0.7961,0.9002,0.5407,2,4.1444,0.6091
0.8207,0.936,0.6007,0.6576,0.689,4,4.2857,0.5387
0.8526,0.9048,0.2905,0.6474,0.7736,3,1.9432,0.7304
0.96,0.964,0.2018,0.717,0.8624,2,2.4167,0.8212
0.735,0.8137,0.7109,0.7863,0.9123,3,4.1313,0.5689
0.8738,0.8742,0.601,0.7711,0.6084,3,0.8411,0.6905
0.9091,0.8324,0.8092,0.7203,0.4001,4,3.5987,0.4876
0.7802,0.69,0.4467,0.5076,0.4674,3,1.1747,0.5716
0.8378,0.6536,0.3416,0.7087,0.7012,2,0.9879,0.6721
0.8606,0.7836,0.8241,0.6272,0.5261,2,5.6013,0.4526
0.9167,0.937,0.2603,0.5193,0.6623,2,2.3781,0.7275
0.7723,0.7163,0.9374,0.7118,0.632,4,4.6944,0.4181
0.8167,0.8386,0.8557,0.8467,0.5288,3,5.9347,0.5258
0.8565,0.8384,0.9626,0.8374,0.4271,4,5.7109,0.5024
0.8013,0.9586,0.4653,0.8932,0.7762,3,6.2415,0.6289
0.4612,0.5609,0.1078,0.6677,0.4497,5,7.1125,0.4371
0.771,0.8949,0.5865,0.473,0.9477,4,0.9865,0.6402
0.7408,0.86,0.6753,0.6426,0.7244,3,7.5162,0.4823
0.7377,0.7665,0.3215,0.8087,0.4389,3,6.394,0.5789
0.8084,0.9114,0.8442,0.827,0.7505,2,3.4813,0.6005
0.6477,0.703,0.2138,0.7586,0.9502,4,3.0487,0.6741
0.8217,0.973,0.555,0.8336,0.9047,1,5.6677,0.634
0.7774,0.9598,0.3121,0.5676,0.9541,3,5.8225,0.6288
0.7949,0.8977,0.4349,0.8023,0.6716,4,2.7309,0.6128
0.7472,0.7774,0.4501,0.5342,0.8488,2,3.882,0.5415
0.7674,0.8674,1.0,0.8296,0.707,4,5.5804,0.4825
0.653,0.681,0.7558,0.8801,0.7688,4,2.1543,0.5623
0.9445,0.6674,0.4612,0.6988,0.5012,3,1.005,0.6655
0.9397,0.6783,0.774,0.8692,0.6675,3,7.9129,0.5468
0.6179,0.8592,0.6652,0.61,0.4828,5,5.3603,0.4244
0.9232,0.9317,0.764,0.8412,0.8374,4,7.4886,0.5897
0.628,0.9257,0.3046,0.5915,0.8292,4,7.4115,0.5474
0.8485,0.9388,0.4976,0.3348,0.6007,3,0.7912,0.6491
0.8323,0.8778,0.5768,0.9601,0.6486,2,3.916,0.6314
0.6884,0.8074,0.6174,0.7238,0.7153,2,1.5704,0.6001
0.8707,0.7741,0.1998,0.6294,0.7839,2,7.267,0.5961
0.9205,0.8368,0.8159,0.9102,0.4177,3,7.1761,0.5523
0.8321,0.583,0.733,0.7562,0.8492,5,6.5946,0.4837
0.7355,0.7745,0.1948,0.7164,0.5981,5,4.2848,0.5802
0.7984,0.9137,0.3329,0.9326,0.8624,5,1.4232,0.7693
0.7632,0.8612,0.3117,0.5203,0.8645,4,7.5291,0.5987
0.8782,0.851,0.7142,0.7039,0.8643,3,1.594,0.6313
0.8883,0.5922,0.6879,0.7827,0.7989,4,7.9274,0.4458
0.8343,0.9366,0.3513,0.8721,0.7952,4,0.5685,0.7723
0.9303,0.9517,0.6909,0.5193,0.6592,4,6.333,0.4998
0.9187,0.9331,1.0,0.5972,0.5174,3,1.2458,0.6524
0.8329,0.8482,0.9494,0.7838,0.7741,5,0.7625,0.628
0.8055,0.8635,0.6506,0.7016,0.7986,2,5.1673,0.5803
0.8169,0.6534,0.2888,0.7084,0.6228,3,1.0814,0.6813
0.6837,0.8738,0.1408,0.7052,0.6016,3,5.056,0.6168
0.731,0.9828,0.31,0.6437,0.7693,3,7.5626,0.6038
0.9152,0.9307,0.1395,0.8507,0.7711,5,5.7341,0.6539
0.8112,0.7443,0.7885,0.655,0.9166,3,7.6436,0.5193
0.8327,0.9301,0.2622,0.6399,0.6522,3,0.5387,0.7732
0.7773,0.9263,0.3943,0.8175,0.6371,3,7.0289,0.5961
0.9457,0.932,0.6504,0.6116,0.7866,4,3.4164,0.6308
0.8872,0.6505,0.2487,0.7272,0.898,2,5.7985,0.6302
0.8526,0.8456,0.3848,0.6608,0.7657,3,2.8988,0.6696
0.8015,0.7902,0.6594,0.6592,0.8015,2,6.0694,0.5351
0.8466,0.7055,0.7084,0.4624,0.7571,1,3.6425,0.5644
0.4812,0.4551,0.6026,0.6353,0.8241,4,7.0937,0.3389
0.7718,0.6592,0.1537,0.7134,0.5581,4,3.5626,0.5751
0.5104,0.7743,0.2138,0.4475,0.6073,3,0.6579,0.5944
0.7706,0.7377,0.8533,0.8886,0.9425,5,1.2975,0.5927
0.8402,0.8498,0.1216,0.6896,0.4892,2,1.7717,0.7077
0.6398,0.9484,0.8401,0.7306,0.9948,2,5.4189,0.5129
0.8431,0.8826,0.4791,0.7686,0.7888,3,4.4936,0.647
0.8308,0.6981,0.6526,0.8854,0.9284,4,3.331,0.6665
0.7028,0.9784,0.819,0.6869,0.5154,2,1.6692,0.6113
0.9863,0.8108,0.914,0.8877,0.8743,3,6.8128,0.5758
0.5917,0.9204,0.7294,0.7639,0.4099,1,2.8594,0.5211
0.8134,0.9506,0.5348,0.6689,0.2657,4,6.2662,0.5644
0.7393,0.8323,0.953,0.8866,0.8753,3,7.7671,0.5633
0.7936,0.5206,0.2688,0.5381,0.6189,2,3.2505,0.5989
0.7754,0.8328,0.9372,0.539,0.9035,5,7.4187,0.3746
0.8917,0.8964,0.2114,0.5136,0.6874,5,7.6448,0.5909
0.9539,0.6808,0.4254,0.6706,0.5062,1,5.5097,0.5531
0.7102,0.783,0.5631,0.7321,0.8508,2,7.6428,0.5818
0.935,0.7112,0.574,0.8942,0.6453,3,6.8382,0.5634
0.8935,0.9637,0.6093,0.9426,0.7139,2,4.0218,0.7278
0.8884,0.8504,0.9213,0.8566,0.765,5,7.9462,0.5608
0.872,0.8337,0.8438,0.9012,0.5441,3,2.4517,0.5296
0.7649,0.7258,0.1186,0.767,0.5579,4,5.4444,0.5584
0.6974,0.8269,0.2148,0.8154,0.8193,3,2.8519,0.7275
0.6775,0.9152,0.4116,0.931,0.8211,2,2.1482,0.681
0.9022,0.6943,0.7351,0.8482,0.8156,5,4.1587,0.5595
0.7984,0.8335,0.5056,0.5328,0.7324,4,3.2897,0.5527
0.8932,0.8311,0.8973,0.6008,0.4638,5,3.6593,0.4914
0.7353,0.8881,0.3759,0.4039,0.761,3,3.45,0.6018
0.6469,0.6451,0.1557,0.2892,0.9172,2,7.6036,0.5383
0.8889,0.8839,0.7575,0.638,0.7989,2,1.121,0.6833
0.7437,0.9716,0.1829,0.8781,0.6618,5,4.351,0.6632
0.8333,0.6022,0.2635,0.8761,0.5797,2,1.2336,0.677
0.8487,0.7714,0.3949,0.9166,0.6773,4,3.4393,0.6799
0.8023,0.9423,0.7947,0.8837,0.4662,2,1.0773,0.6906
0.7958,0.8923,0.7847,0.6912,0.7077,1,3.1447,0.5795
0.9476,0.8266,0.7969,0.528,0.8966,5,3.4327,0.4888
0.8537,0.7582,0.3226,0.8981,0.8269,4,0.6169,0.7735
0.8762,0.8376,0.8828,0.8019,0.5418,4,5.2778,0.4951
0.93,0.7353,0.306,0.6868,0.7109,5,3.7767,0.6368
0.6591,0.8206,0.6091,0.8494,0.5305,4,3.4449,0.5625
0.6123,0.9521,0.9368,0.9221,0.9439,2,6.0532,0.5026
0.8872,0.7554,0.2099,0.8788,0.6436,5,5.1287,0.6155
0.8978,0.7203,0.4108,0.7617,0.5951,3,4.7316,0.6046
0.7787,0.8858,0.4319,0.6021,0.5909,2,5.8639,0.5684
0.7407,0.7171,0.4583,0.9191,0.9448,2,1.2241,0.7609
0.6857,0.8927,0.4411,0.8702,0.6406,2,3.7814,0.6684
0.8908,0.8274,0.4463,0.6493,0.6062,3,4.053,0.5768
0.951,0.9359,0.5341,0.7878,0.4671,5,4.2504,0.6356
0.6896,0.8512,0.6539,0.7033,0.5066,1,7.8579,0.5491
0.7998,0.9541,0.7545,0.2949,0.716,1,6.2426,0.4909
0.8544,0.8952,0.1325,0.6229,0.9351,2,0.8279,0.7849
0.6997,0.8193,0.6001,0.7319,0.6152,1,7.2532,0.5665
0.8964,0.833,0.2481,0.8975,0.8942,3,4.2152,0.7246
0.8103,0.6323,0.0401,0.8123,0.7005,4,6.0156,0.5846
0.6982,0.805,0.9947,0.719,0.6665,4,5.06,0.4415
0.8883,0.9492,0.4572,0.7245,0.7841,1,1.3583,0.7916
0.9139,0.7835,0.7454,0.9229,0.7943,4,3.6198,0.5585
0.5413,0.7955,1.0,0.7387,0.7858,4,0.7445,0.4661
0.9556,0.7095,0.2647,0.4721,0.7487,2,6.2573,0.5751
0.9113,0.905,0.646,0.7654,0.6967,1,3.6577,0.6749
0.5644,0.7825,0.9116,0.4914,0.6081,3,3.5666,0.3528
0.9028,0.8808,0.4299,0.6179,0.7675,2,1.8381,0.7294
0.5833,0.7048,0.4085,0.7951,0.9424,4,6.1615,0.5801
0.7043,0.8711,0.7151,0.851,0.3849,3,2.5708,0.5759
0.6907,0.7925,0.5304,0.709,0.875,5,7.6312,0.5397
0.9113,0.716,0.7264,0.6345,0.693,2,7.1067,0.4745
0.7837,0.9267,0.6909,0.8297,0.5555,2,3.4353,0.5756
0.8643,0.6626,0.5438,0.9288,0.8284,3,3.2157,0.6344
0.7198,0.8604,0.204,0.7992,0.8688,4,5.4146,0.657
0.9302,0.9839,0.4554,0.7106,0.8169,2,5.4204,0.6994
0.9353,0.811,0.7266,0.5917,0.8324,3,2.3748,0.6432
0.7693,0.8959,0.233,0.1882,0.649,4,4.3582,0.5768
0.9627,0.8518,0.228,0.6879,0.7565,4,4.4186,0.6451
0.8165,0.8117,0.4802,0.5935,0.5843,1,4.0152,0.5689
0.693,0.8893,0.4303,0.9169,0.8634,4,4.9049,0.6014
0.905,0.8745,1.0,0.5749,0.7584,3,3.3298,0.5053
0.8485,0.6109,0.6521,0.7723,0.736,4,5.9637,0.4951
0.8017,0.806,0.74,0.6258,0.8253,5,6.1294,0.5178
0.8124,0.9494,0.1483,0.9425,0.7261,3,7.5823,0.6289
0.5962,0.8548,0.4875,0.7252,0.7822,1,5.9716,0.5449
0.7859,0.6659,0.2609,0.8179,0.4805,3,4.8402,0.5363
0.7767,0.6829,0.3042,0.8022,0.748,3,3.2921,0.6604
0.9606,0.9868,0.7082,0.4525,0.778,2,3.2991,0.6057
0.5078,0.8947,0.0364,0.9443,0.8438,5,2.8196,0.7233
0.8567,0.8243,0.3457,0.5966,0.6556,1,1.4638,0.7135
0.696,0.942,0.8861,0.8453,0.8932,2,3.7655,0.5569
0.8002,0.9603,0.3679,0.603,0.9831,3,3.3799,0.6457
0.9096,0.8334,0.4819,0.7817,0.8249,3,1.9821,0.7144
0.8664,0.7629,0.4472,0.8016,0.9495,2,1.1304,0.7767
0.8897,0.6669,0.7312,0.7157,0.9086,2,2.774,0.6225
0.8864,0.6424,0.8537,0.6519,0.7293,2,4.9931,0.4958
0.8153,0.562,0.6875,0.6884,0.5148,1,6.8922,0.4576
0.9023,0.845,0.2005,0.9516,0.8421,2,5.0534,0.7191
0.7094,0.5912,0.4996,0.8696,0.7139,3,3.9794,0.5217
0.9097,0.8923,0.3677,0.4321,0.6252,1,3.2772,0.6532
0.6192,0.8004,0.4364,0.7976,0.7585,1,0.7424,0.6287
0.9555,0.9056,1.0,0.8144,0.6859,3,3.7144,0.5816
0.8849,0.9243,0.1768,0.6673,0.7266,2,2.6632,0.7591
0.8,0.8413,0.9498,0.943,0.7763,4,7.9709,0.4674
0.8758,0.8913,0.8382,0.8046,0.7265,3,7.3453,0.5657
0.729,0.9005,0.5451,0.5939,0.835,4,5.3811,0.5348
0.7474,0.9147,0.6041,0.7357,0.7409,2,4.1542,0.6379
0.5675,0.6794,0.0088,0.5915,0.7808,3,2.816,0.5405
0.7788,0.7644,0.4588,0.8899,0.8716,3,4.7826,0.6266
0.565,0.9431,0.8973,0.7955,0.5165,3,3.4516,0.4459
0.8368,0.7585,0.4679,0.814,0.8953,2,4.0976,0.6567
0.7774,0.9259,0.3607,0.8743,0.6381,2,1.6281,0.7312
0.6487,0.5906,0.403,0.546,0.6207,1,4.463,0.5084
0.9874,0.4286,0.4399,0.5674,0.9386,3,7.9471,0.5206
0.8065,0.9578,0.3121,0.8233,0.5362,3,5.4905,0.5795
0.8853,0.8121,0.86,0.6567,0.7001,4,3.3531,0.5042
0.8735,0.8404,0.9171,0.8804,0.5115,5,3.1601,0.5434
0.907,0.9272,0.3662,0.5407,0.3879,4,3.2878,0.604
0.8731,0.833,0.8639,0.6661,0.6987,2,4.0677,0.548
0.7654,0.6916,0.618,0.8683,0.8831,2,5.4453,0.5083
0.8002,0.8659,1.0,0.8275,0.6787,3,3.0793,0.6125
0.7929,0.7202,0.2197,0.6406,0.7791,5,1.4467,0.6697
0.7942,0.8047,0.0997,0.5707,0.7359,2,5.2573,0.6593
0.8818,0.879,0.3323,0.7359,0.6357,3,1.9503,0.72
0.934,0.884,0.5219,0.5922,0.6845,5,5.6858,0.5475
0.9206,0.5977,0.8626,0.8661,0.8879,2,4.2123,0.4995
0.5787,0.8539,0.3906,0.6398,0.7571,5,4.8001,0.4837
0.6366,0.9783,0.2271,0.8187,0.8107,2,6.2811,0.6244
0.6047,0.8284,0.8083,0.7339,0.8709,5,5.7517,0.436
0.7958,0.9494,0.335,0.9445,0.7616,5,2.3401,0.7235
0.6878,0.7575,0.7638,0.82,0.8576,5,2.3517,0.5896
0.8036,0.7191,0.6616,0.9264,0.6842,1,3.107,0.6239
0.7391,0.8328,0.7088,0.7305,0.6708,3,1.3976,0.5984
0.6975,0.9146,0.909,0.8638,0.4156,3,1.8842,0.5433
0.7613,0.9567,0.2615,0.4292,0.7855,2,7.0407,0.6201
0.8606,0.924,0.0678,0.8167,0.4125,5,4.6099,0.633
0.7773,0.8734,0.178,0.8376,0.6204,3,4.5979,0.6728
0.7596,0.7644,0.2529,0.9529,0.577,3,0.8541,0.7241
0.7664,0.6236,0.0875,0.6996,0.5777,5,0.5355,0.6949
0.542,0.9534,0.3059,0.4863,0.6868,2,7.2581,0.5559
0.8502,0.8864,0.2255,0.7843,0.6903,2,6.6716,0.6315
0.8562,0.7232,0.5084,0.7541,0.8945,4,1.9173,0.6572
0.8626,0.7832,0.5688,0.8559,0.6329,3,5.1394,0.5898
0.783,0.752,1.0,0.9276,0.7936,3,3.8725,0.5105
0.8054,0.8611,0.4472,0.7686,0.7105,4,3.8292,0.5657
0.844,0.9149,0.2331,0.7255,0.8962,4,2.7524,0.7472
0.9052,0.7133,0.5437,0.609,0.8309,3,7.0102,0.5004
0.7928,0.5929,0.1766,0.8091,0.6912,3,6.7119,0.5304
0.7332,0.7043,0.275,0.9002,0.8282,2,0.6497,0.7475
0.9212,0.8939,0.2314,0.3938,0.9311,4,0.6197,0.7778
0.8587,0.8071,0.198,0.5479,0.6773,5,5.1813,0.557
0.8239,0.8771,0.8915,0.8278,0.7552,4,6.5467,0.5184
0.6099,0.7775,1.0,0.9262,0.4381,1,2.903,0.4998
0.9026,0.8828,0.4909,0.8861,0.7034,2,3.6989,0.7
0.9516,0.7246,0.168,0.937,0.7022,3,6.2256,0.6276
0.8829,0.6602,0.2787,0.633,0.9059,2,1.2113,0.7035
0.8123,0.626,0.5123,0.8858,0.5837,3,1.4139,0.6417
0.583,0.8794,0.4487,0.6286,0.8574,3,7.7835,0.5362
0.7523,0.8417,0.6183,0.9005,0.8687,4,0.9427,0.7209
0.8197,0.8737,0.4636,0.6139,0.7275,3,6.6394,0.5937
0.6375,0.6116,0.8856,0.6688,0.8034,3,3.2662,0.4444
0.7446,0.8765,0.1036,0.9021,0.8427,4,4.1934,0.6557
0.9253,0.95,0.2842,0.6651,0.5851,4,5.527,0.6225
0.5961,0.9688,0.9584,0.8559,0.9047,3,1.699,0.6047
0.8595,0.7124,0.7421,0.7729,0.5657,3,0.9078,0.654
0.8166,0.8104,0.7197,0.7917,0.9812,1,3.838,0.6044
0.614,0.9006,0.6465,0.8816,0.9226,4,3.9143,0.4931
0.8545,0.8624,0.127,0.2902,0.7364,2,5.5343,0.6273
0.8093,0.6628,1.0,0.8485,0.8422,3,4.8516,0.4545
0.6975,0.9003,0.3873,0.7463,0.7506,4,6.6851,0.5271
0.8582,0.7938,0.5252,0.7256,0.843,3,6.1367,0.61
0.72,0.9182,0.4313,0.8705,0.5591,3,2.0634,0.6368
0.9597,0.9233,0.44,0.6757,0.4363,4,5.8671,0.6076
0.8939,0.9167,0.787,0.7558,0.7167,3,7.267,0.5505
0.9141,0.8631,0.4316,0.5676,0.8692,5,4.7208,0.6056
0.7797,0.8306,0.9291,0.3707,0.5229,3,7.9739,0.3832
0.8263,0.9214,0.3316,0.7484,0.4662,4,1.5958,0.7108
0.7021,0.6921,0.5624,0.6015,0.4222,2,5.1117,0.4719
0.9249,0.7872,0.6903,0.8667,0.7198,4,5.7144,0.4936
0.838,0.7987,0.6894,0.6354,0.8202,2,6.693,0.5054
0.6772,0.7763,0.3702,0.7642,0.8541,2,4.7614,0.5806
0.7643,0.8269,0.4182,0.8367,0.5591,4,2.0367,0.6771
0.843,0.8904,0.7421,0.917,0.7294,2,2.1526,0.6438
0.7868,0.9041,0.2013,0.7392,0.6473,3,2.9156,0.6541
0.892,0.8557,0.3474,0.5948,0.5836,3,6.5008,0.5903
0.8249,0.9514,0.5236,0.569,0.9313,3,2.6986,0.6772
0.8668,0.4731,0.8631,0.6212,0.9814,4,4.3493,0.4169
0.8821,0.8459,0.9379,0.7388,0.6071,3,3.5292,0.4593
0.7036,0.8027,0.7181,0.7496,0.6459,2,6.989,0.4855
0.7981,0.8584,0.53,0.9276,0.8947,3,3.3992,0.6415
0.8115,0.8926,0.4885,0.7432,0.2475,3,2.637,0.5842
0.8536,0.9633,1.0,0.6424,0.8363,3,0.8142,0.6106
0.7706,0.8264,0.5252,0.4915,0.7337,4,6.7652,0.5741
0.6586,0.7773,0.0807,0.9182,0.5893,2,1.1085,0.7617
0.7915,0.9499,0.2584,0.8247,0.8873,4,0.5637,0.821
0.9398,0.9335,0.7491,0.5669,0.6811,2,1.7745,0.5822
0.6384,0.9657,0.2596,0.9538,0.7548,4,3.5082,0.7352
0.8978,0.913,0.2417,0.405,0.9141,5,4.6409,0.5571
0.9516,0.9523,0.3423,0.7691,0.7019,5,4.7493,0.6136
0.8715,0.8438,0.4271,0.8996,0.7547,5,7.9522,0.5724
0.6265,0.8234,0.1539,0.555,0.9168,3,3.8695,0.5887
0.9536,0.9503,0.5226,0.6294,0.6159,3,0.884,0.7466
0.9389,0.8809,0.358,0.5377,0.5684,1,7.8711,0.6194
0.761,0.9646,0.1402,0.6919,0.8347,5,5.9399,0.676
0.6807,0.8158,0.3487,0.9452,0.4519,3,1.9933,0.6344
0.9782,0.6452,0.7952,0.6638,0.5567,4,2.7009,0.5399
0.903,0.8379,0.4204,0.5279,0.9426,2,7.1631,0.6042
0.8256,0.5972,0.4456,0.9432,0.7999,1,7.6174,0.5759
0.8445,0.7271,0.1452,0.9799,0.7666,1,4.4223,0.6973
0.7357,0.8669,0.3647,0.6899,0.7566,2,1.4614,0.7177
0.5729,0.6318,0.3934,0.8546,0.7804,3,2.0509,0.6315
0.5476,0.8207,0.3174,0.8876,0.8176,3,6.2198,0.5988
0.8774,0.916,0.3204,0.6547,0.6523,1,6.965,0.6609
0.836,0.7154,0.8669,0.7815,0.6511,3,3.1767,0.4959
0.7664,0.7746,0.3206,0.5067,0.5596,1,2.4234,0.6592
0.9622,0.8945,0.8774,0.4849,0.6087,4,4.6722,0.5199
0.9653,0.9084,0.9528,0.6418,0.731,2,3.3356,0.6269
0.8669,0.9065,0.3543,0.8361,0.7422,3,1.791,0.7603
0.844,0.7614,0.4571,0.5621,0.2362,2,0.8807,0.6011
0.9647,0.8889,0.9715,0.9369,0.6277,4,3.9567,0.5268
0.8377,0.9588,0.8312,0.6763,0.4682,2,2.691,0.5024
0.8774,0.7984,0.3492,0.8464,0.589,2,3.211,0.6394
0.8772,0.8263,0.278,0.396,0.548,1,5.183,0.5808
0.9558,0.9168,0.4704,0.6648,0.8924,3,2.7136,0.7253
0.8562,0.6355,0.8793,0.8882,0.5329,5,0.8174,0.5934
0.7029,0.8669,0.3276,0.5545,0.6758,5,2.9866,0.6212
0.7128,0.9039,0.7,0.5257,0.7508,3,5.2316,0.4873
0.7768,0.5111,0.4446,0.6824,0.8633,5,0.7205,0.6409
0.6512,0.7611,0.2509,0.4357,0.8134,3,6.289,0.557
0.8656,0.7615,0.3367,0.9258,0.8817,4,6.9296,0.6191
0.5928,0.8491,0.8961,0.8854,0.8091,2,6.0887,0.5174
0.8255,0.7707,0.3484,0.6711,0.8728,4,7.8886,0.585
0.7348,0.6853,0.1139,0.4636,0.863,3,4.9839,0.5366
0.8384,0.7994,0.4754,0.9334,0.5351,3,1.602,0.6619
0.8235,0.7098,0.2038,0.9338,0.6559,3,3.6328,0.6542
0.9443,0.8961,0.3206,0.4862,0.7851,4,6.3806,0.5676
0.7402,0.8593,0.8771,0.8786,0.3849,2,4.9071,0.5133
0.9065,0.9418,0.0153,0.783,0.9716,3,0.9199,0.8637
0.8506,0.791,0.3351,0.6484,0.5187,2,3.5241,0.6144
0.837,0.5827,0.4554,0.926,0.319,5,1.9883,0.5626
0.7754,0.7796,0.6216,0.718,0.8467,5,4.5889,0.5228
0.6488,0.963,0.8757,0.8036,0.7614,3,7.3638,0.5501
0.9136,0.8106,0.6427,0.6063,0.6993,2,6.127,0.5768
0.7647,0.8441,0.615,0.6375,0.7301,2,1.6941,0.6797
0.8071,0.6377,0.3989,0.8344,0.7223,2,7.1913,0.5641
0.923,0.8242,0.5888,0.6618,0.6415,3,4.5927,0.5169
0.8937,0.7726,0.2508,0.9475,0.8767,5,4.2935,0.6817
0.8099,0.8314,0.0089,0.4136,0.7634,1,5.5476,0.6787
0.8645,0.9162,0.7644,0.5464,0.948,2,5.6335,0.6125
0.7706,0.9401,1.0,0.9656,0.8483,2,5.5657,0.5056
0.9571,0.8991,0.4056,0.5264,0.8397,3,2.2861,0.6993
0.9553,0.6553,0.2679,0.9014,0.7173,2,6.8353,0.5852
0.9079,0.8728,0.3919,0.7928,0.7852,4,4.5601,0.63
0.8398,0.9314,0.7398,0.4201,0.5454,3,2.2407,0.5855
0.7292,0.9164,0.3678,0.7416,0.902,3,3.808,0.6459
0.8256,0.8392,1.0,0.9598,0.6913,2,5.8816,0.5104
0.716,0.8549,0.4311,0.8754,0.6277,5,4.6535,0.5625
0.8217,0.8015,0.4801,0.9499,0.5985,5,5.996,0.5755
0.8959,0.6721,0.3109,0.6135,0.8804,4,6.312,0.5306
0.915,0.8731,0.6385,0.8952,0.8837,4,1.2392,0.7254
0.8345,0.8021,0.7612,0.7638,0.9361,4,7.9816,0.4985
0.9044,0.7633,0.937,0.4508,0.4032,3,3.1119,0.4943
0.6846,0.9898,0.4477,0.7144,0.4392,3,5.4514,0.559
0.8624,0.8849,0.3949,0.8917,0.8026,4,3.9151,0.7061
0.7367,0.514,0.5167,0.8088,0.7949,4,6.7973,0.4344
0.5822,0.6956,0.8096,0.7386,0.1863,1,7.9257,0.4154
0.8738,0.9047,0.4343,0.4166,0.6441,2,1.4352,0.6657
0.8493,0.9095,0.4116,0.8119,0.698,2,4.6621,0.6531
0.9701,0.9525,0.2501,0.8214,0.462,1,3.8972,0.6799
0.8579,0.7197,0.3294,0.7863,0.6011,2,3.5193,0.6682
0.8128,0.6357,0.544,0.5077,0.3867,2,0.6474,0.5258
0.8101,0.5133,0.5543,0.6175,0.6749,2,4.9274,0.448
0.8547,0.8814,0.2072,0.7793,0.4243,3,0.61,0.7081
0.9279,0.603,0.8768,0.9183,0.3987,5,6.4939,0.4392
0.8097,0.9388,0.6309,0.9219,0.7673,5,4.7832,0.6278
0.8129,0.8302,0.8244,0.9451,0.8221,5,5.5576,0.4751
0.7166,0.898,0.2172,0.8326,0.8163,3,1.3026,0.7241
0.8202,0.8881,0.578,0.5397,0.6659,5,3.1668,0.5675
0.9177,0.8991,0.4794,0.587,0.7524,3,0.9756,0.6614
0.563,0.8826,0.4658,0.7506,0.7496,2,2.7657,0.6198
0.942,0.7306,0.1642,0.9162,0.659,5,5.9711,0.6509
0.852,0.6715,0.691,0.7276,0.8327,3,5.1391,0.4457
0.838,0.9159,1.0,0.6001,0.5658,4,6.5563,0.4729
0.777,0.8161,0.4275,0.8996,0.8223,3,6.9889,0.6158
0.8101,0.9848,0.4558,0.6294,0.7983,4,0.7167,0.6747
0.7696,0.889,0.1928,0.5091,0.779,5,6.4864,0.5246
0.8616,0.94,0.4277,0.7727,0.9763,3,3.4706,0.7263
0.9386,0.5436,0.2478,0.6592,0.7784,3,6.1442,0.6091
0.7711,0.5602,1.0,0.7568,0.8183,2,7.5835,0.427
0.7443,0.7725,0.1155,0.5502,0.766,1,4.0605,0.6337
0.6056,0.8191,0.0645,0.9051,0.3716,4,6.0523,0.536
0.8381,0.8867,1.0,0.9237,0.5909,4,6.1674,0.5053
0.8914,0.567,0.8223,0.9252,0.8506,2,3.8706,0.5029
0.5845,0.9083,0.8449,0.5529,0.854,3,6.6268,0.4839
0.772,0.8416,0.0928,0.5539,0.5858,3,0.584,0.7206
0.7444,0.8623,0.6211,0.5635,0.8284,3,6.7404,0.5218
0.9668,0.8311,0.4741,0.9648,0.3037,2,2.6164,0.681
0.9536,0.7892,0.3756,0.7904,0.6626,3,6.3868,0.5836
0.7551,0.7469,0.8561,0.9595,0.7951,4,3.1888,0.538
0.8393,0.9815,0.2598,0.6787,0.906,3,6.3804,0.7075
0.9128,0.8364,0.3148,0.4229,0.7613,4,3.0996,0.659
0.5602,0.871,0.4778,0.5913,0.6867,4,0.5379,0.6468
0.952,0.9366,0.1871,0.9124,0.6957,3,6.8288,0.7354
0.4636,0.7128,1.0,0.6345,0.8187,2,4.7562,0.3265
0.8412,0.6053,0.5142,0.3768,0.6736,3,4.7111,0.4743
0.9142,0.6036,0.4596,0.9199,0.3161,3,4.6037,0.5697
0.5692,0.9031,0.8917,0.8023,0.3948,3,2.9998,0.4793
0.8465,0.8037,0.4332,0.9114,0.4617,2,6.6318,0.6386
0.8627,0.7371,0.1766,0.4204,0.7697,2,5.2529,0.573
0.8858,0.7063,0.4453,0.9171,0.4536,5,3.7131,0.5341
0.5239,0.6989,0.6775,0.779,0.9646,4,4.0813,0.4717
0.7777,0.6433,0.7739,0.7888,0.9287,3,2.4133,0.5797
0.845,0.6249,1.0,0.5329,0.6877,2,7.4564,0.3923
0.7764,0.9609,0.8184,0.5898,0.5665,3,3.9753,0.5614
0.8507,0.8318,0.1399,0.4909,0.7746,3,6.296,0.625
0.8447,0.7712,0.5436,0.9363,0.6488,3,2.1196,0.6341
0.8084,0.9654,0.533,0.8158,0.7588,2,6.1198,0.614
0.8313,0.9132,0.4579,0.9267,0.6736,4,3.0833,0.6767
0.8943,0.8693,0.0781,0.7272,0.5297,2,6.3887,0.6539
0.6252,0.8394,0.2246,0.5075,0.8268,5,1.1308,0.6162
0.8539,0.7766,0.7763,0.4065,0.795,2,2.7164,0.5465
0.7577,0.806,0.2729,0.7358,0.8509,4,1.1348,0.6736
0.8186,0.7725,0.6934,0.8883,0.8003,3,5.8908,0.5205
0.6639,0.8652,0.3986,0.7314,0.7371,5,3.4477,0.6191
0.9499,0.8202,0.5048,0.9078,0.6162,5,4.8179,0.5779
0.8954,0.8022,0.5637,0.4446,0.8651,4,0.9188,0.6305
0.9821,0.9392,0.7974,0.9068,0.9448,3,1.727,0.7159
0.9747,0.8661,0.6836,0.9319,0.5862,1,7.4568,0.5927
0.975,0.7903,0.2166,0.732,0.5405,2,6.3167,0.6815
0.6795,0.7096,0.7813,0.8604,0.7757,2,4.4166,0.5014
0.6836,0.9249,0.6761,0.9003,0.5023,5,2.167,0.5862
0.9461,0.8477,0.2244,0.8537,0.7622,4,2.6903,0.7673
0.7425,0.7269,0.1375,0.9177,0.6256,2,2.2724,0.7089
0.5839,0.7889,0.8325,0.5586,0.5391,1,2.8882,0.4289
0.9164,0.8141,0.9591,0.4836,0.7319,3,0.504,0.5739
0.7433,0.4854,0.3488,0.7404,0.724,2,1.7373,0.5718
0.5969,0.4992,0.5201,0.8739,0.6374,5,5.5409,0.4169
0.9302,0.5007,0.4014,0.7416,0.7986,3,7.4252,0.5533
0.8942,0.922,0.4308,0.7526,0.4654,4,2.1706,0.6661
0.694,0.8748,0.5763,0.7966,0.6985,2,2.4629,0.6852
0.9068,0.8993,0.7506,0.4244,0.5373,3,1.5958,0.5563
0.6899,0.7834,0.6799,0.9388,0.8832,5,4.3893,0.5447
0.8561,0.8383,0.6171,0.8856,0.8696,3,6.9385,0.6346
0.8379,0.6263,0.3719,0.8409,0.7403,1,2.1712,0.6488
0.8775,0.8491,0.4218,0.6348,0.5015,4,5.8307,0.5476
0.9234,0.896,0.7639,0.6247,0.8135,4,6.1542,0.5407
0.6484,0.7578,0.4576,0.888,0.778,1,6.9193,0.5511
0.6601,0.9432,0.5936,0.8688,0.5336,5,0.6229,0.6299
0.8137,0.5293,0.3637,0.4631,0.8697,3,6.967,0.4995
0.7599,0.6552,0.1537,0.6272,0.489,3,5.204,0.492
0.863,0.5323,0.2669,0.4018,0.6064,3,4.9863,0.5072
0.9459,0.835,0.1647,0.6996,0.9956,2,7.8212,0.6953
0.7972,0.9686,0.9154,0.5668,0.7901,2,7.6072,0.5411
0.8981,0.8881,0.5477,0.8399,0.9395,4,5.7585,0.5932
0.9114,0.8016,0.17,0.6935,0.5236,1,2.5446,0.7428
0.7152,0.8905,0.5159,0.8125,0.7404,1,2.8198,0.6541
0.8508,0.7889,0.2501,0.794,0.4702,2,1.0633,0.7467
0.9275,0.7153,1.0,0.7434,0.8945,2,4.6216,0.5678
0.7002,0.8797,1.0,0.7904,0.8134,4,1.7819,0.5754
0.9635,0.6308,0.1269,0.6228,0.6633,3,5.2625,0.6653
0.8907,0.9343,0.4338,0.5404,0.5283,1,4.0765,0.5794
0.8681,0.8337,0.0421,0.6059,0.7471,3,1.33,0.7984
0.8514,0.7568,0.5058,0.9456,0.561,2,2.9461,0.6421
0.8352,0.9564,0.552,0.7045,0.8112,2,3.1396,0.6388
0.7802,0.9498,0.4195,0.6629,0.8304,4,7.0688,0.5672
0.5647,0.743,0.7462,0.7379,0.9175,1,4.1185,0.4879
0.7586,0.8833,0.4917,0.8112,0.8867,4,1.9369,0.6445
0.5853,0.7874,0.255,0.8784,0.8492,1,4.1296,0.5971
0.8737,0.8899,0.6162,0.6365,0.5257,1,4.2418,0.5241
0.7809,0.7236,0.3099,0.2056,0.4432,4,7.5988,0.462
0.7877,0.7045,0.4268,0.6882,0.6558,3,7.8312,0.5267
0.8312,0.7855,0.424,0.5616,0.6198,3,2.7521,0.6214
0.8065,0.9273,0.1361,0.9521,0.5455,3,0.5723,0.7748
0.9035,0.8132,0.5023,0.934,0.5647,5,4.2242,0.5956
0.6047,0.8122,0.3175,0.7688,0.6357,3,4.6558,0.5226
0.7846,0.9526,0.5369,0.7196,0.6668,4,5.9315,0.5361
0.6362,0.8268,0.2205,0.5205,0.7905,5,3.8889,0.5461
0.8446,0.7811,0.1483,0.8962,0.7501,4,1.3556,0.7776
0.6557,0.8455,0.8266,0.8625,0.5044,3,6.1175,0.4759
0.9252,0.8207,0.9432,0.9051,0.6009,1,2.9581,0.6233
0.9577,0.8335,0.7983,0.6836,0.5086,3,7.8157,0.4991
0.8765,0.9258,0.3871,0.904,0.6529,3,3.6637,0.692
0.6238,0.9406,0.7622,0.6333,0.825,5,0.7811,0.5636
0.9333,0.928,0.6398,0.7038,0.5638,5,5.2002,0.5484
0.5761,0.8891,0.5124,0.5358,0.6793,1,2.788,0.5761
0.7289,0.8192,0.2169,0.7186,0.9272,2,1.7514,0.7518
0.6119,0.8635,0.0346,0.7884,0.4458,1,4.1204,0.6569
0.7668,0.852,0.5553,0.9106,0.6426,2,2.4876,0.6907
0.9064,0.7132,0.6808,0.8451,0.5302,2,7.1995,0.5085
0.756,0.9423,0.4211,0.8874,0.5672,1,4.3199,0.6834
0.9706,0.6173,1.0,0.8108,0.9018,4,6.1968,0.4423
0.8991,0.6153,0.8208,0.9045,0.5337,1,7.4221,0.4915
0.8436,0.8849,0.8715,0.5776,0.7794,3,7.0911,0.4997
0.7084,0.6702,1.0,0.7422,0.6491,2,5.0595,0.4065
0.8482,0.914,0.7207,0.976,0.9423,2,2.6877,0.6783
0.9081,0.9319,0.058,0.5741,0.5973,3,3.4115,0.6698
0.771,0.6568,0.1198,0.4316,0.6759,5,2.8178,0.5681
0.9749,0.8021,0.3417,0.9328,0.6785,3,1.187,0.7056
0.7898,0.9484,0.5592,0.8266,0.9442,2,1.2103,0.7393
0.8293,0.6648,0.6679,0.4571,0.5758,2,7.8771,0.4877
0.7022,0.8061,0.5125,0.8964,0.633,5,2.7488,0.6249
0.9877,0.9201,0.6837,0.7353,0.7985,3,7.9015,0.5473
0.877,0.9152,0.2732,0.5423,0.7941,5,1.3164,0.7112
0.8077,0.4654,0.4233,0.876,0.8792,3,3.1769,0.5662
0.5668,0.6981,0.5777,0.8657,0.5716,4,4.4618,0.458
0.7415,0.9731,0.9825,0.7962,0.9882,3,1.2536,0.6302
0.8866,0.8491,0.7517,0.6301,0.397,3,5.3917,0.4324
0.9266,0.646,0.6586,0.6894,0.8111,2,4.4758,0.5474
0.8322,0.922,0.7528,0.7133,0.4808,3,7.9088,0.5119
0.9048,0.7918,1.0,0.6093,0.6707,4,5.5185,0.4307
0.9411,0.7981,0.8777,0.7888,0.4782,2,2.9139,0.6272
0.6025,0.8308,0.9593,0.7152,0.6868,4,2.8729,0.471
0.7861,0.8828,0.5876,0.8026,0.5095,3,7.6937,0.5628
0.8296,0.8252,0.5898,0.4274,0.8011,3,1.6513,0.6228
0.7213,0.8435,0.0525,0.5195,0.8367,2,2.212,0.6822
0.5907,0.741,0.7288,0.9366,0.5466,2,4.0868,0.5491
0.6164,0.912,0.2238,0.8397,0.6257,4,6.3513,0.6118
0.8884,0.6699,0.3462,0.7043,0.8382,3,1.0773,0.7005
0.9433,0.8609,0.4875,0.5957,0.8632,2,7.1228,0.6099
0.7553,0.7617,0.4901,0.6344,0.7489,4,7.4119,0.518
0.7793,0.8822,0.339,0.7663,0.8269,4,6.1717,0.5962
0.7176,0.8734,0.2201,0.9236,0.893,3,3.4635,0.6937
0.9122,0.7,0.0924,0.6534,0.6548,4,4.9627,0.6277
0.8286,0.7949,0.259,0.8555,0.8742,3,4.6579,0.6121
0.8797,0.8093,0.4024,0.5482,0.8306,3,5.1109,0.565
0.8699,0.8943,0.2339,0.7995,0.6036,2,4.1121,0.6921
0.9358,0.9436,0.7215,0.5992,0.7605,4,0.971,0.705
0.8743,0.8985,0.1093,0.7167,0.7627,5,1.6499,0.787
0.8027,0.8306,0.5014,0.7911,0.3651,5,2.562,0.6072
0.69,0.8744,0.7502,0.6413,0.4777,4,1.1011,0.5488
0.788,0.6537,0.4256,0.7219,0.7439,3,6.4105,0.5236
0.8513,0.8271,0.8978,0.6747,0.88,2,5.1439,0.5335
0.7566,0.9635,0.1416,0.949,0.9078,5,0.5774,0.8364
0.914,0.6008,0.7064,0.6807,0.693,2,7.3654,0.5025
0.786,0.9637,0.4085,0.516,0.657,5,6.7692,0.5666
0.9022,0.8213,0.7251,0.44,0.8227,5,1.7413,0.6182
0.7523,0.8256,0.4337,0.6755,0.7206,3,0.62,0.6508
0.9221,0.8313,0.749,0.698,0.6481,5,2.4231,0.5565
0.906,0.9637,0.3747,0.4897,0.847,3,7.1173,0.6429
0.7722,0.7511,0.4983,0.3502,0.6991,3,5.3528,0.4595
0.8521,0.6102,0.6694,0.7738,0.5642,2,6.7133,0.5005
0.7766,0.8301,0.3045,0.6708,0.7148,2,1.4,0.7349
0.9541,0.9152,0.5796,0.8586,0.8309,3,3.6391,0.7176
0.7918,0.8213,0.2165,0.8037,0.4784,5,4.4578,0.6278
0.6987,0.7663,0.0683,0.8958,0.5916,5,7.707,0.5579
0.8456,0.6502,0.6374,0.7052,0.9106,3,4.9425,0.551
0.9452,0.9616,0.0835,0.8279,0.6836,3,3.0051,0.8137
0.8092,0.8168,0.5468,0.8936,0.6834,4,2.3744,0.6045
0.5105,0.7768,0.8144,0.8643,0.7737,2,5.8423,0.489
0.959,0.7595,0.5891,0.9019,0.7254,1,3.6271,0.6904
0.7824,0.8325,0.217,0.5655,0.6412,2,4.4389,0.6282
0.4482,0.8661,0.2178,0.3653,0.3909,4,6.8968,0.4749
0.9317,0.9402,0.5,0.8003,0.9183,2,7.7722,0.632
0.9176,0.7527,0.5298,0.9751,0.5888,5,3.8643,0.5892
0.6756,0.8982,0.7479,0.4213,0.6892,3,1.0496,0.577
0.7093,0.5666,0.1748,0.6727,0.7325,5,3.6199,0.5644
0.8788,0.7224,1.0,0.8246,0.8551,4,6.5582,0.4875
0.8575,0.8956,0.6751,0.4816,0.9036,1,2.0675,0.6158
0.9715,0.9035,1.0,0.8024,0.725,4,2.0498,0.6472
0.9353,0.8603,1.0,0.9468,0.8266,4,5.219,0.5956
0.7331,0.8315,0.4339,0.8242,0.8993,3,4.0279,0.6142
0.8365,0.6711,0.569,0.6974,0.8291,4,4.8216,0.5437
0.852,0.8163,0.5366,0.7342,0.931,2,0.5601,0.7204
0.5955,0.9563,0.8841,0.5011,0.6254,2,5.3695,0.4479
0.6868,0.9064,0.7381,0.7674,0.9645,4,4.9643,0.5534
0.8791,0.8873,0.6686,0.9608,0.7255,2,6.9777,0.6298
0.9297,0.6454,0.6237,0.7216,0.8494,2,3.8175,0.6111
0.8088,0.9681,0.5073,0.7665,0.8847,2,7.1388,0.6151
0.8565,0.9854,0.2171,0.5769,0.8862,3,2.3142,0.7412
0.6339,0.9202,0.077,0.8694,0.8784,2,7.4979,0.7047
0.9737,0.836,0.2578,0.8448,0.7463,1,5.545,0.7426
0.9298,0.8646,0.3769,0.3853,0.6241,4,7.3521,0.5223
0.7785,0.8633,0.6345,0.7434,0.5504,4,2.7313,0.5822
0.7718,0.7708,0.5414,0.9192,0.4313,3,6.8521,0.5445
0.7545,0.905,0.2034,0.6832,0.6938,3,4.9196,0.5951
0.8771,0.9056,0.92,0.8535,0.7219,4,7.3267,0.5125
0.7673,0.923,0.3414,0.6124,0.5482,5,1.4658,0.6787
0.7271,0.8881,0.0949,0.528,0.6298,4,5.1765,0.5407
0.6752,0.891,0.1765,0.6721,0.8132,3,7.4509,0.5914
0.8438,0.952,0.4485,0.6524,0.8453,5,2.4501,0.6731
0.9159,0.4207,0.0389,0.8391,0.6235,2,7.3723,0.5624
0.909,0.7201,0.0478,0.9535,0.7616,4,6.6595,0.6486
0.9429,0.8153,0.3584,0.654,0.9417,4,6.2095,0.6067
0.6805,0.7596,0.314,0.8108,0.4549,3,4.4944,0.5146
0.7944,0.8732,0.509,0.8259,0.6589,3,4.6148,0.6016
0.9282,0.894,0.5452,0.6683,0.6621,4,4.0155,0.5799
0.7789,0.7238,0.7294,0.6479,0.6433,1,6.5941,0.4912
0.6894,0.8511,0.3812,0.6453,0.7829,3,2.076,0.6188
0.9093,0.6402,0.4204,0.7055,0.6365,2,7.5174,0.5578
0.8038,0.6626,0.5562,0.7514,0.8058,3,6.2032,0.5317
0.8761,0.7678,0.2386,0.7758,0.8431,3,5.1064,0.6372
0.6873,0.7574,0.3321,0.917,0.6003,5,3.1811,0.5742
0.7128,0.9673,0.6423,0.7681,0.7182,3,7.9286,0.5249
0.7514,0.9643,0.4134,0.8085,0.9121,2,2.8947,0.7163
0.8704,0.9004,0.8193,0.5795,0.6474,5,2.2008,0.599
0.4909,0.5284,1.0,0.6773,0.845,3,4.5858,0.2887
0.8246,0.6936,0.2298,0.6613,0.9236,4,2.0255,0.6221
0.9698,0.9311,1.0,0.784,0.6078,2,6.0969,0.572
0.9447,0.6648,0.6546,0.884,0.6792,3,2.5576,0.6183
0.9345,0.609,0.2195,0.4384,0.706,2,5.6398,0.5219
0.9715,0.9045,0.3345,0.8758,0.9934,2,2.2507,0.8464
0.8012,0.7822,0.3635,0.6572,0.6103,3,3.7659,0.6111
0.8318,0.9178,0.3629,0.6095,0.745,1,5.3174,0.6418
0.8159,0.6914,0.7367,0.8428,0.8337,2,6.039,0.5214
0.9385,0.7752,0.5992,0.6767,0.8542,2,2.2087,0.6644
0.7808,0.7606,0.4692,0.5925,0.8196,4,4.8751,0.5086
0.7395,0.7263,0.4153,0.9014,0.78,3,1.6828,0.6963
0.8455,0.868,0.2398,0.4108,0.8346,4,5.7478,0.5455
0.6695,0.7701,0.2658,0.3384,0.8796,5,2.6496,0.5938
0.8322,0.6687,0.3101,0.9295,0.9181,3,1.9755,0.7031
0.6177,0.9343,0.4371,0.6014,0.7424,4,3.8152,0.5648
0.5128,0.8376,0.0759,0.9738,0.6498,2,5.3152,0.6123
0.7056,0.8791,0.2548,0.6515,0.9191,2,2.5392,0.668
0.6066,0.7229,0.0764,0.8795,0.7482,3,5.4327,0.6001
0.894,0.4452,0.4944,0.4077,0.8923,2,0.9494,0.586
0.9408,0.9561,0.3331,0.8788,0.8908,4,0.5323,0.8608
0.672,0.7689,0.7413,0.5935,0.7092,2,1.6381,0.5536
0.935,0.6875,0.5905,0.4312,0.8463,3,6.5654,0.5426
0.8795,0.9386,0.7061,0.3878,0.8559,3,6.2032,0.5186
0.8637,0.9398,0.4281,0.4801,0.9907,4,3.5688,0.6055
0.8658,0.8978,0.5124,0.6626,0.6687,1,2.5469,0.6521
0.7575,0.5312,0.0635,0.8461,0.8086,5,4.991,0.5458
0.7988,0.9164,0.8761,0.7315,0.8793,3,5.0768,0.5312
0.747,0.6275,0.3445,0.8668,0.4201,5,7.3622,0.5053
0.7449,0.6301,0.3691,0.5613,0.7972,3,7.2026,0.4696
0.71,0.9286,0.6942,0.6098,0.4792,5,2.9233,0.5254
0.6293,0.9164,0.4664,0.6679,0.4187,3,1.7161,0.6059
0.8368,0.5696,0.5345,0.8966,0.8446,4,5.0007,0.5133
0.9016,0.7453,0.3761,0.8808,0.2382,3,2.7655,0.6393
0.8704,0.5694,0.6167,0.6896,0.65,2,4.1917,0.4881
0.7946,0.5843,0.2639,0.6455,0.8771,2,5.1071,0.5614
0.8295,0.8144,0.5144,0.4685,0.9196,1,1.4903,0.689
0.7424,0.9154,0.463,0.5663,0.8117,2,0.6618,0.7118
0.6426,0.8688,0.1865,0.5467,0.8661,5,5.852,0.5942
0.7746,0.8327,0.994,0.3884,0.8531,5,4.1676,0.4482
0.9051,0.8918,0.5896,0.7753,0.6678,2,1.3239,0.7163
0.8064,0.8881,0.0528,0.9543,0.5649,2,6.4057,0.6911
0.7393,0.6756,0.6049,0.597,0.308,2,2.3226,0.4752
0.6887,0.8076,0.2305,0.946,0.7996,2,3.4077,0.7017
0.7324,0.8565,0.1765,0.602,0.546,2,7.3802,0.6418
0.8845,0.84,0.9656,0.6149,0.7084,1,7.0833,0.4622
0.7374,0.8389,0.1177,0.8435,0.7161,2,5.1835,0.7238
0.8747,0.9178,0.81,0.6711,0.919,3,7.8571,0.5588
0.9413,0.8939,0.7739,0.9159,0.7596,2,3.2721,0.642
0.5987,0.6822,0.3148,0.6153,0.4281,2,6.693,0.4965
0.7605,0.9543,0.4595,0.3528,0.5872,3,7.145,0.5469
0.65,0.9019,0.1687,0.9093,0.8859,3,7.1634,0.6184
0.7483,0.604,0.8249,0.5906,0.8063,3,5.9257,0.3749
0.9676,0.9089,0.4812,0.6894,0.9643,3,2.3243,0.769
0.9283,0.6656,0.9298,0.6434,0.6505,2,2.8898,0.4775
0.7313,0.9419,0.3313,0.6608,0.8426,3,1.5403,0.7119
0.9291,0.8548,0.9181,0.1787,0.7767,4,2.8972,0.4599
0.9042,0.6702,0.84,0.8533,0.7578,3,0.9947,0.6041
0.9899,0.9736,0.7744,0.6476,0.5018,3,1.1639,0.6772
0.8012,0.6452,0.2819,0.814,0.5792,1,3.1164,0.612
0.7608,0.8771,0.2282,0.491,0.7042,5,1.4395,0.611
0.7706,0.9486,1.0,0.6379,0.9713,2,5.3269,0.4996
0.6589,0.8898,1.0,0.8884,0.8257,2,4.6778,0.536
0.4477,0.9143,0.3978,0.827,0.5451,4,1.8773,0.5864
0.8809,0.8592,0.2416,0.7178,0.9438,3,7.7678,0.6287
0.8974,0.9202,1.0,0.8978,0.4689,4,4.8066,0.5293
0.6148,0.6762,0.3465,0.5037,0.5647,5,2.1415,0.5159
0.759,0.7606,0.2037,0.874,0.7619,2,1.6569,0.7439
0.8721,0.6884,0.9154,0.5809,0.5716,2,0.9468,0.5681
0.7446,0.6185,0.6,0.6419,0.9856,1,3.6628,0.5555
0.9083,0.8978,0.6594,0.7107,0.8669,5,6.1882,0.5833
0.9355,0.9108,0.1941,0.6773,0.689,5,2.4466,0.7694
0.7079,0.8747,0.7406,0.8022,0.8966,3,1.9985,0.5949
0.6975,0.7317,0.4775,0.6187,0.6754,1,6.0855,0.5327
0.5593,0.7527,0.5976,0.7908,0.94,4,3.5055,0.4888
0.8243,0.8546,0.2256,0.5252,0.7003,1,0.786,0.7941
0.9375,0.6788,0.9177,0.6311,0.6551,3,2.3464,0.5245
0.7834,0.6388,0.4529,0.4327,0.8031,5,6.0858,0.4553
0.9436,0.8364,0.693,0.5012,0.5276,4,4.5628,0.5197
0.8985,0.8682,0.5396,0.5174,0.6007,4,7.1111,0.5407
0.7342,0.8502,0.8089,0.3202,0.8806,4,6.3541,0.4978
0.872,0.7897,0.4128,0.348,0.8265,3,5.0413,0.5288
0.7872,0.8167,0.7709,0.8764,0.8914,4,7.4275,0.5103
0.7715,0.8151,0.3367,0.5754,0.8382,4,1.0371,0.6885
0.71,0.8881,0.4517,0.5443,0.4304,2,4.634,0.5364
0.6236,0.904,0.9381,0.7301,0.6694,5,0.8741,0.5231
0.814,0.9095,0.513,0.7793,0.8262,4,5.9538,0.5587
0.7491,0.8568,0.6987,0.3472,0.6258,5,5.7992,0.3792
0.9306,0.6481,0.1765,0.711,0.7587,4,1.3537,0.7286
0.8022,0.8636,0.937,0.5064,0.5713,1,4.0717,0.5439
0.8123,0.6752,0.6032,0.9034,0.9286,1,5.0015,0.5779
0.8416,0.5306,1.0,0.7982,0.7868,1,3.4221,0.4624
0.9884,0.7249,0.7033,0.6718,0.3822,4,3.9568,0.4789
0.7655,0.7515,0.7505,0.9566,0.5731,5,1.2054,0.546
0.6625,0.7268,0.4966,0.8929,0.9857,3,3.1328,0.6218
0.7669,0.7378,0.3463,0.7832,0.7348,3,6.6849,0.5648
0.9655,0.8942,0.394,0.8504,0.5883,1,6.6704,0.6765
0.6903,0.7036,0.0484,0.441,0.8375,3,7.543,0.5445
0.9715,0.934,0.4967,0.7785,0.86,5,5.252,0.6799
0.7163,0.4512,0.5674,0.9642,0.989,4,3.0517,0.5216
0.7336,0.8571,0.411,0.4134,0.9423,3,7.3114,0.6141
0.5659,0.8245,0.743,0.8916,0.5168,2,2.0562,0.5978
0.8168,0.7006,0.2976,0.4515,0.6067,4,4.5279,0.5382
0.9636,0.3897,0.5382,0.6525,0.5937,3,4.6947,0.4955
0.7432,0.4228,0.9092,0.386,0.8328,2,7.5902,0.338
0.7043,0.6834,0.2531,0.664,0.8312,2,3.8488,0.5802
0.7741,0.8627,0.9172,0.8082,0.4669,2,2.6514,0.5533
0.7658,0.8758,0.1621,0.949,0.4608,2,3.8386,0.7133
0.8132,0.9331,1.0,0.8268,0.8085,2,7.8739,0.5426
0.8194,0.9722,0.6604,0.8954,0.6125,5,1.1507,0.6353
0.6939,0.8266,0.7482,0.7477,0.6006,4,6.3648,0.4188
0.814,0.7575,0.9002,0.4905,0.7984,2,7.0071,0.4955
0.9155,0.9053,0.5744,0.3439,0.4105,2,3.1801,0.6331
0.8584,0.9132,0.7388,0.7657,0.7368,2,4.6278,0.6152
0.7351,0.9664,0.227,0.5333,0.5244,1,7.1865,0.6171
0.7247,0.925,0.2534,0.6187,0.9434,3,1.9489,0.6669
0.8064,0.6316,0.7785,0.6778,0.7955,4,2.8983,0.4628
0.8569,0.6369,0.531,0.7963,0.8088,4,3.3683,0.6108
0.7088,0.9366,0.2763,0.9186,0.7453,4,6.7674,0.6042
0.6501,0.8298,0.7806,0.6192,0.3493,2,3.047,0.4755
0.6366,0.8887,0.1303,0.8933,0.7721,1,6.4347,0.6779
0.8568,0.7041,0.9202,0.7116,0.8257,3,5.2025,0.4501
0.8766,0.825,0.4703,0.8897,0.5579,3,7.1166,0.5965
0.8118,0.8313,0.7047,0.6903,0.4974,2,3.8037,0.505
0.5706,0.9488,0.6988,0.6707,0.8439,3,5.4765,0.4769
0.9599,0.7761,0.5223,0.6182,0.8163,3,2.516,0.6157
0.725,0.8251,0.2531,0.6462,0.8208,1,5.2709,0.645
0.8895,0.8844,0.6935,0.5071,0.6385,3,2.2819,0.5958
0.9656,0.8898,0.8971,0.5856,0.7588,4,2.7898,0.5675
0.7511,0.6882,0.2811,0.8387,0.8321,2,3.0944,0.6418
0.9708,0.6629,0.6273,0.949,0.5735,4,5.8295,0.5572
0.7081,0.6659,0.6003,0.924,0.6149,2,3.4657,0.532
0.6,0.8254,0.5965,0.8184,0.8625,5,5.1493,0.5183
0.7927,0.8196,0.4004,0.5707,0.7638,2,3.579,0.6606
0.7089,0.8344,0.3225,0.7739,0.8708,4,5.4445,0.5751
0.7418,0.8401,0.9943,0.8141,0.5622,4,6.7751,0.4051
0.7971,0.9204,0.1861,0.831,0.5045,5,5.5208,0.5628
0.9083,0.914,0.8832,0.8454,0.8749,5,3.9501,0.5785
0.9752,0.8233,0.367,0.8036,0.8158,3,1.9846,0.6301
0.8304,0.8014,0.8812,0.6761,0.4584,2,4.1937,0.5455
0.792,0.8607,1.0,0.513,0.8145,4,4.7054,0.4748
0.8553,0.7302,0.5882,0.4459,0.877,2,1.693,0.666
0.7422,0.9206,0.6373,0.8012,0.7842,2,1.2317,0.6926
0.9012,0.5074,0.2234,0.89,0.8817,2,0.7093,0.7087
0.8005,0.9176,0.319,0.7638,0.652,2,4.576,0.6504
0.845,0.8566,0.494,0.7796,0.8927,2,6.8371,0.5915
0.8971,0.6517,0.3771,0.6757,0.4155,4,4.9714,0.5117
0.6408,0.749,0.14,0.5542,0.619,4,4.628,0.5241
0.5806,0.8005,0.42,0.558,0.7563,3,2.1325,0.5715
0.6788,0.9847,0.8114,0.6034,0.3508,2,1.4718,0.5468
0.9035,0.7209,0.4596,0.7216,0.7491,2,7.6563,0.623
0.8058,0.868,0.2883,0.8632,0.5466,2,4.5,0.5895
0.4449,0.8448,0.0705,0.3819,0.8831,5,4.0449,0.5212
0.7934,0.9162,0.674,0.7275,0.622,3,6.8214,0.5697
0.7371,0.915,0.3951,0.6484,0.7584,2,2.1712,0.6607
0.8574,0.5277,0.2586,0.9079,0.825,5,2.3917,0.6452
0.5999,0.8901,0.4243,0.7212,0.7381,4,0.8642,0.6694
0.7407,0.6307,0.6622,0.707,0.5826,3,5.2816,0.3916
0.6856,0.9186,0.2627,0.7751,0.8505,1,6.5108,0.6631
0.7056,0.8863,0.3094,0.6932,0.9673,4,5.4206,0.5628
0.4904,0.9,0.2433,0.8331,0.8489,2,5.9098,0.6312
0.8313,0.7359,0.647,0.8689,0.7228,3,3.9523,0.5841
0.6414,0.7489,0.44,0.5444,0.8625,2,7.735,0.4954
0.7956,0.8843,0.1119,0.4498,0.8932,3,4.5906,0.6204
0.774,0.8453,0.9509,0.8279,0.7302,3,5.8325,0.4644
0.7178,0.8975,0.9008,0.7746,0.9268,3,4.0841,0.5945
0.7522,0.7484,0.0998,0.9209,0.7515,2,7.7,0.6375
0.8034,0.833,0.7446,0.5117,0.7041,4,6.4794,0.5043
0.8435,0.8883,0.3358,0.623,0.7396,3,2.7583,0.6423
0.9054,0.8221,0.702,0.6427,0.8552,3,2.5788,0.6314
0.8066,0.9326,0.8664,0.6318,0.859,2,4.0674,0.5567
0.8896,0.9488,0.6787,0.6577,0.8777,1,1.6391,0.7536
0.8203,0.7418,1.0,0.6674,0.5606,2,6.0719,0.4308
0.8515,0.9112,0.7409,0.6692,0.4706,4,7.1883,0.4768
0.9379,0.6903,0.8307,0.7953,0.6696,1,2.634,0.5995
0.8319,0.9359,0.0495,0.67,0.7526,5,5.2078,0.6091
0.8137,0.9803,1.0,0.8777,0.9423,4,5.8394,0.5733
0.6804,0.7938,0.4088,0.6032,0.7197,5,3.0322,0.565
0.8252,0.454,0.698,0.8643,0.4099,4,5.7763,0.3911
0.8304,0.7987,0.4631,0.6648,0.316,3,4.6292,0.5346
0.7812,0.8664,0.1913,0.9142,0.2315,3,7.8024,0.6033
0.8403,0.7804,0.2536,0.4017,0.6474,5,2.6523,0.6316
0.7963,0.6464,0.181,0.6653,0.6079,4,4.1444,0.5433
0.934,0.7599,0.1548,0.7085,0.7904,2,0.8116,0.7648
0.7322,0.6758,0.91,0.4542,0.5221,4,5.1173,0.3469
0.7361,0.8201,0.5345,0.5304,0.7685,5,3.0635,0.4888
0.8517,0.9603,0.0105,0.6732,0.8113,2,2.9609,0.8219
0.9097,0.9197,0.5651,0.3965,0.5766,1,6.7509,0.5555
0.9144,0.8274,0.3181,0.8795,0.7853,3,7.6294,0.6244
0.8281,0.8842,0.0763,0.5529,0.5807,2,2.0149,0.7547
0.7762,0.9094,0.7645,0.7291,0.6827,4,3.2014,0.6137
0.7694,0.7796,0.6744,0.7997,0.886,3,3.1175,0.5585
0.7552,0.8408,0.8701,0.8273,0.665,5,6.6857,0.4505
0.7922,0.8498,0.6189,0.5697,0.2522,4,4.0658,0.4915
0.9188,0.9481,0.8941,0.7076,0.5654,2,1.1579,0.6545
0.7834,0.8943,0.0768,0.8146,0.4912,3,7.2578,0.6596
0.8068,0.8376,0.8294,0.8853,0.5668,3,1.9196,0.6373
0.7015,0.7138,0.7907,0.8297,0.4875,2,6.8429,0.435
0.9161,0.5824,0.5079,0.7663,0.9565,3,4.398,0.5616
0.5689,0.702,0.6867,0.8032,0.7166,2,1.7622,0.5891
0.9699,0.7531,0.5424,0.5874,0.6115,5,2.8689,0.5635
0.7299,0.9098,0.2806,0.539,0.5917,5,0.7406,0.7034
0.8903,0.8613,0.762,0.6345,0.6842,3,6.8372,0.5086
0.9455,0.7543,0.8546,0.7605,0.6737,4,0.5965,0.625
0.9149,0.6194,0.5789,0.665,0.7437,4,2.1584,0.5329
0.764,0.8486,0.4937,0.5966,0.8153,2,7.5903,0.5932
0.6339,0.8461,0.8886,0.6027,0.4523,3,5.2697,0.4093
0.8849,0.64,0.4652,0.9581,0.4377,4,0.5524,0.7389
0.7079,0.8872,0.3987,0.5989,0.6287,3,4.9969,0.5596
0.9089,0.9102,0.7273,0.7136,0.7702,3,3.3197,0.6174
0.7531,0.8918,0.6798,0.8933,0.9164,4,2.0843,0.6287
0.9024,0.8894,0.3076,0.8422,0.8221,3,7.2549,0.6253
0.8828,0.7574,0.2423,0.5458,0.857,2,5.2001,0.6072
0.5368,0.8536,0.4005,0.4988,0.9202,3,7.6798,0.4717
0.617,0.9932,0.5334,0.9756,0.7642,2,6.2437,0.6032
0.8747,0.7175,0.4012,0.7441,0.5316,1,2.3227,0.6417
0.6812,0.9216,0.5449,0.8414,0.7311,1,5.2615,0.5428
0.8951,0.9009,0.7199,0.8056,0.8586,3,5.7927,0.5935
0.7927,0.9432,0.5836,0.8485,0.6342,3,3.3089,0.6303
0.9376,0.7688,0.2485,0.4622,0.8448,4,6.1618,0.5988
0.8106,0.8022,0.9012,0.7741,0.9049,3,4.1825,0.4683
0.9277,0.9514,0.8688,0.689,0.8146,3,5.6946,0.5396
0.7942,0.9475,0.6421,0.5869,0.6933,3,4.2509,0.4971
0.7993,0.8729,0.5321,0.5249,0.3221,1,2.0095,0.6317
0.861,0.6006,0.4066,0.7299,0.5772,4,6.4385,0.5489
0.7786,0.8368,0.2148,0.5975,0.5871,2,1.1243,0.7337
0.8776,0.943,0.5057,0.6079,0.7345,3,7.2835,0.6022
0.7644,0.7263,0.7117,0.8284,0.6608,2,3.5335,0.5193
0.8341,0.9001,0.6368,0.6418,0.5575,4,0.536,0.6276
0.8571,0.7502,0.6728,0.763,0.6263,3,4.8317,0.5192
0.8346,0.6717,0.5475,0.9027,0.6832,5,2.9113,0.5866
0.7855,0.7596,0.4727,0.7155,0.8017,3,6.4376,0.572
0.7691,0.9268,0.3671,0.7915,0.8748,2,3.8451,0.7086
0.8045,0.854,0.8526,0.5121,0.501,5,7.909,0.4099
0.9717,0.8413,0.4172,0.7915,0.8291,3,1.4849,0.781
0.8722,0.8552,0.1914,0.7248,0.6838,4,0.8561,0.7887
0.689,0.8152,0.2285,0.5861,0.6363,5,5.0429,0.5332
0.7148,0.8269,0.1359,0.7431,0.6614,2,3.7444,0.6424
0.8545,0.8752,0.2979,0.7582,0.7053,2,5.283,0.6099
0.7647,0.8853,0.8747,0.7354,0.5421,2,3.0829,0.5968
0.5716,0.6549,0.3404,0.8911,0.6647,3,6.4008,0.5343
0.6799,0.8916,0.256,0.7197,0.9477,3,1.7126,0.6971
0.8841,0.9267,0.4811,0.3666,0.9283,2,2.1788,0.6531
0.63,0.784,0.3811,0.8657,0.5918,4,4.8602,0.5628
0.7537,0.8416,0.63,0.7615,0.7911,5,5.6726,0.5561
0.6972,0.7655,0.2868,0.9429,0.805,3,2.4656,0.7244
0.6134,0.9181,0.5742,0.7276,0.6326,4,7.2588,0.4664
0.8038,0.679,0.5632,0.2882,0.861,5,2.4649,0.5566
0.9476,0.7733,0.6783,0.4748,0.8082,2,0.7578,0.6071
0.6375,0.9188,1.0,0.8031,0.8246,4,7.1075,0.4048
0.7307,0.9642,0.9707,0.8084,0.9677,2,7.6451,0.5327
0.7473,0.6894,0.4877,0.4911,0.3859,5,4.2787,0.4742
0.433,0.6217,0.6332,0.5081,0.8544,5,1.5269,0.455
0.9285,0.9705,0.2128,0.4609,0.8165,4,4.6404,0.6353
0.8976,0.8406,0.4435,0.7571,0.3199,4,7.7289,0.5856
0.7566,0.8814,0.8189,0.6996,0.6836,5,2.4931,0.5266
0.8785,0.7949,0.3077,0.7,0.5811,4,7.1872,0.6159
0.6963,0.7105,0.2935,0.7617,0.8838,5,6.5522,0.5621
0.6455,0.8014,0.1176,0.5708,0.8806,5,7.7443,0.5046
0.8497,0.9704,0.5493,0.8026,0.7724,5,7.7091,0.6134
0.8354,0.6854,0.2923,0.8864,0.6703,3,4.0599,0.6268
0.9728,0.7005,0.8805,0.7309,0.4473,4,5.6514,0.4623
0.8107,0.8052,0.3529,0.6872,0.5376,2,5.7921,0.5367
0.5952,0.9377,0.284,0.8264,0.7964,4,1.2189,0.6582
0.8657,0.8601,0.924,0.8036,0.8841,3,0.9526,0.6268
0.8396,0.5872,0.652,0.5319,0.6053,1,4.7024,0.4624
0.9089,0.824,0.4088,0.9679,0.8197,4,5.3494,0.6342
0.6838,0.4797,0.1316,0.7841,0.9607,4,5.7973,0.549
0.8062,0.6581,0.4358,0.8806,0.442,3,3.703,0.5334
0.8513,0.5789,0.5256,0.6603,0.8043,5,2.1701,0.5944
0.3871,0.8762,1.0,0.6011,0.5559,4,4.8107,0.3404
0.8531,0.8394,0.1877,0.9606,0.6554,1,4.5741,0.7069
0.9044,0.9574,0.2499,0.8493,0.8975,3,4.6057,0.7404
0.7317,0.7437,0.5576,0.7374,0.6647,2,2.9241,0.573
0.8503,0.8998,0.3743,0.3947,0.8404,2,5.7004,0.6112
0.7848,0.9863,0.8644,0.8041,0.4518,3,4.4892,0.5286
0.8076,0.9192,0.3361,0.7386,0.8645,2,6.0807,0.6216
0.8295,0.5282,0.452,0.5019,0.8953,2,4.2874,0.5391
0.7992,0.9837,0.3484,0.8104,0.7339,3,3.1805,0.6543
0.5027,0.9103,0.3133,0.876,0.6795,5,6.7654,0.5938
0.8656,0.7243,0.6148,0.8198,0.8532,5,4.5481,0.5491
0.947,0.8001,0.3011,0.5863,0.705,3,4.4629,0.6585
0.9359,0.6688,0.4627,0.7577,0.649,4,4.8713,0.5194
0.9229,0.7267,0.5559,0.4318,0.8438,3,5.8599,0.4737
0.8962,0.9045,0.1552,0.8992,0.4011,2,4.7615,0.6716
0.8294,0.6893,0.5451,0.4317,0.6043,2,6.7668,0.4741
0.8384,0.8591,0.2007,0.9254,0.8129,2,3.8672,0.697
0.3992,0.7962,0.4146,0.8942,0.6567,5,5.5042,0.4582
0.6352,0.9204,0.782,0.7052,0.6448,5,6.6159,0.4878
0.8093,0.8544,0.5151,0.7377,0.516,2,6.4718,0.5116
0.7675,0.8925,0.6014,0.9317,0.6068,5,0.7605,0.6939
0.8174,0.7718,0.5399,0.6887,0.6289,3,2.6574,0.5601
0.9344,0.8142,0.3812,0.8393,0.4611,4,7.6799,0.639
0.764,0.8381,0.4124,0.8072,0.9222,5,7.6388,0.607
0.8861,0.8796,0.4312,0.6708,0.7659,2,1.9941,0.7508
0.8325,0.8963,0.2776,0.8574,0.9666,5,4.1411,0.7027
0.5323,0.8711,0.4384,0.8618,0.8124,2,3.9737,0.599
0.8483,0.9203,0.522,0.8529,0.6801,3,1.8992,0.6519
0.8579,0.8775,0.5463,0.8038,0.7272,4,6.6616,0.5742
0.8237,0.4865,0.5696,0.5609,0.7491,4,3.2182,0.4595
0.8355,0.9344,0.8367,0.6108,0.7152,3,4.2994,0.5522
0.9152,0.8909,0.2066,0.5578,0.8335,2,7.5635,0.6357
0.916,0.6887,0.3373,0.3767,0.5661,3,4.1057,0.5614
0.5343,0.8199,0.6698,0.8225,0.534,2,2.3928,0.4978
0.8543,0.8026,0.2402,0.7018,0.5518,1,3.5808,0.6546
0.7536,0.8984,0.4135,0.7313,0.839,3,2.0646,0.7106
0.7139,0.7338,0.8691,0.7872,0.8009,5,5.0278,0.4875
0.6481,0.7067,0.0728,0.7749,0.8465,5,4.8802,0.6097
0.8953,0.7264,0.2976,0.6649,0.7027,4,4.1667,0.6183
0.9245,0.6781,0.3148,0.9392,0.7325,3,7.8973,0.6275
0.6111,0.9012,0.7159,0.572,0.7516,4,3.3876,0.5044
0.9273,0.8891,0.7901,0.7715,0.6482,2,2.2024,0.6877
0.9731,0.8874,0.4751,0.7363,0.6473,5,7.0661,0.5966
0.9711,0.8343,0.8153,0.7198,0.934,5,1.5237,0.6447
0.7699,0.5277,1.0,0.7606,0.652,2,1.9723,0.487
0.8868,0.7949,1.0,0.5904,0.8586,3,3.0059,0.5863
0.5708,0.8504,0.6268,0.6792,0.6294,5,7.3192,0.4451
0.6404,0.9719,0.4674,0.692,0.9026,2,2.6356,0.693
0.8358,0.7531,0.6449,0.8183,0.3503,1,5.8493,0.5088
0.6431,0.8483,0.6628,0.8951,0.8117,4,6.5323,0.5445
0.926,0.901,0.3454,0.9713,0.5477,3,3.826,0.7167
0.8646,0.6907,0.3128,0.8511,0.3308,5,1.2385,0.6136
0.8232,0.7759,0.3972,0.7232,0.6973,2,6.6842,0.5888
0.4919,0.9381,0.6175,0.6496,0.6331,3,2.9948,0.4941
0.7989,0.6995,0.7437,0.7406,0.5905,4,6.5918,0.4589
0.9559,0.8409,0.1998,0.7337,0.7991,3,2.1575,0.7999
0.7754,0.9659,0.6489,0.7282,0.687,5,6.6434,0.5564
0.617,0.6449,0.8205,0.5903,0.8179,4,3.1709,0.4475
0.532,0.6663,0.4968,0.7097,0.5661,5,7.0276,0.3979
0.5601,0.8513,0.8784,0.6646,0.6542,2,4.78,0.4091
0.6652,0.9142,0.7404,0.759,0.7945,2,0.5593,0.6647
0.5461,0.6433,0.3439,0.811,0.7312,3,3.8272,0.5693
0.8442,0.8684,0.3335,0.8244,0.6475,4,6.8517,0.6626
0.8004,0.8739,0.548,0.8544,0.9269,3,2.756,0.6518
0.911,0.7395,0.7698,0.6776,0.6761,1,7.1502,0.4975
0.567,0.7068,0.4768,0.6352,0.9503,5,4.3258,0.5335
0.9307,0.579,0.7112,0.8977,0.569,3,3.6749,0.5365
0.9161,0.9631,1.0,0.7305,0.4082,5,4.8528,0.4549
0.8119,0.7613,0.1459,0.6605,0.787,2,3.9493,0.6543
0.9058,0.872,0.3381,0.8756,0.6863,1,2.3147,0.7893
0.9584,0.6354,0.6715,0.7247,0.3346,3,6.4681,0.462
0.7848,0.7162,0.5329,0.5648,0.7642,4,5.2106,0.4825
0.8045,0.894,0.8378,0.6799,0.5038,2,3.991,0.5288
0.9493,0.7754,0.8398,0.5236,0.5417,5,5.2069,0.4443
